{
	"callsign": "YourCall-10",
	"network": {
		"DHCP": true,
		"static": {
			"ip": "192.168.0.100",
			"subnet": "255.255.255.0",
			"gateway": "192.168.0.1",
			"dns1": "192.168.0.1",
			"dns2": "192.168.0.2"
		},
		"hostname": {
			"overwrite": false,
			"name": "NOCALL-10"
		}
	},
	"wifi": {
		"active": true,
		"AP": [
			{
				"SSID": "wifi_name",
				"password": "wifi_password"
			}
		]
	},
	"beacon": {
		"message": "LoRa iGATE at 433.775MHz",
		"position": {
			"latitude": 21.12345,
			"longitude": -102.12345
		},
		"use_gps": false,
		"timeout": 15
	},
	"aprs_is": {
		"active": true,
		"passcode": "YourPasscode",
		"server": "euro.aprs2.net",
		"port": 14580
	},
	"digi": {
		"active": false,
		"beacon": false
	},
	"lora": {
		"frequency_rx": 433775000,
		"gain_rx": 0,
		"frequency_tx": 433775000,
		"power": 20,
		"spreading_factor": 12,
		"signal_bandwidth": 125000,
		"coding_rate4": 5,
		"tx_enable": false
	},
	"display": {
		"always_on": true,
		"timeout": 10,
		"overwrite_pin": 0,
		"turn180": true
	},
	"ftp": {
		"active": false,
		"user": [
			{
				"name": "ftp",
				"password": "ftp"
			}
		]
	},
	"mqtt": {
		"active": false,
		"server": "",
		"port": 1883,
		"name": "",
		"password": "",
		"topic": "LoraAPRS/Data"
	},
	"syslog": {
		"active": true,
		"server": "syslog.lora-aprs.info",
		"port": 514
	},
	"ntp_server": "pool.ntp.org"
}
